Workbook

Sheet Resumen
A1: Incentivo × Dificultad en razonamiento · Resumen en vivo
A2: ESIC University · Métodos, Diseño y Técnicas de Investigación en Psicología · Tema 6 (diseños factoriales)
A4: Cohorte a analizar (vacío = todas):
A5: Se excluyen automáticamente: participaciones marcadas como sospechosas (sospechoso = 1), quienes ya habían hecho la tarea y quienes declaran interrupciones. El análisis completo (efectos simples, tiempos, matriz Q, calidad de datos) está en la pestaña «Resultados» de la web.
A7: Descriptivos (aciertos) | B7: n | C7: Fácil: media | D7: Fácil: DE | E7: Difícil: media | F7: Difícil: DE | G7: Total: media | H7: ≥ umbral (%)
A8: Incentivo | B8: =SUMPRODUCT((Respuestas!$U$2:$U$3000<>"")*(Respuestas!$X$2:$X$3000<>"")*(Respuestas!$AI$2:$AI$3000<>1)*(Respuestas!$AV$2:$AV$3000<>"Sí")*(Respuestas!$AW$2:$AW$3000<>"No")*(((Respuestas!$B$2:$B$3000=$B$4)+($B$4=""))>0)*(Respuestas!$D$2:$D$3000="incentivo")) | C8: =IFERROR(SUMPRODUCT((Respuestas!$U$2:$U$3000<>"")*(Respuestas!$X$2:$X$3000<>"")*(Respuestas!$AI$2:$AI$3000<>1)*(Respuestas!$AV$2:$AV$3000<>"Sí")*(Respuestas!$AW$2:$AW$3000<>"No")*(((Respuestas!$B$2:$B$3000=$B$4)+($B$4=""))>0)*(Respuestas!$D$2:$D$3000="incentivo")*Respuestas!$U$2:$U$3000)/B8,"") | D8: =IFERROR(SQRT(SUMPRODUCT((Respuestas!$U$2:$U$3000<>"")*(Respuestas!$X$2:$X$3000<>"")*(Respuestas!$AI$2:$AI$3000<>1)*(Respuestas!$AV$2:$AV$3000<>"Sí")*(Respuestas!$AW$2:$AW$3000<>"No")*(((Respuestas!$B$2:$B$3000=$B$4)+($B$4=""))>0)*(Respuestas!$D$2:$D$3000="incentivo")*(Respuestas!$U$2:$U$3000-C8)^2)/(B8-1)),"") | E8: =IFERROR(SUMPRODUCT((Respuestas!$U$2:$U$3000<>"")*(Respuestas!$X$2:$X$3000<>"")*(Respuestas!$AI$2:$AI$3000<>1)*(Respuestas!$AV$2:$AV$3000<>"Sí")*(Respuestas!$AW$2:$AW$3000<>"No")*(((Respuestas!$B$2:$B$3000=$B$4)+($B$4=""))>0)*(Respuestas!$D$2:$D$3000="incentivo")*Respuestas!$X$2:$X$3000)/B8,"") | F8: =IFERROR(SQRT(SUMPRODUCT((Respuestas!$U$2:$U$3000<>"")*(Respuestas!$X$2:$X$3000<>"")*(Respuestas!$AI$2:$AI$3000<>1)*(Respuestas!$AV$2:$AV$3000<>"Sí")*(Respuestas!$AW$2:$AW$3000<>"No")*(((Respuestas!$B$2:$B$3000=$B$4)+($B$4=""))>0)*(Respuestas!$D$2:$D$3000="incentivo")*(Respuestas!$X$2:$X$3000-E8)^2)/(B8-1)),"") | G8: =IFERROR(C8+E8,"") | H8: =IFERROR(SUMPRODUCT((Respuestas!$U$2:$U$3000<>"")*(Respuestas!$X$2:$X$3000<>"")*(Respuestas!$AI$2:$AI$3000<>1)*(Respuestas!$AV$2:$AV$3000<>"Sí")*(Respuestas!$AW$2:$AW$3000<>"No")*(((Respuestas!$B$2:$B$3000=$B$4)+($B$4=""))>0)*(Respuestas!$D$2:$D$3000="incentivo")*((Respuestas!$U$2:$U$3000+Respuestas!$X$2:$X$3000)>=$B$12))/B8,"")
A9: Control | B9: =SUMPRODUCT((Respuestas!$U$2:$U$3000<>"")*(Respuestas!$X$2:$X$3000<>"")*(Respuestas!$AI$2:$AI$3000<>1)*(Respuestas!$AV$2:$AV$3000<>"Sí")*(Respuestas!$AW$2:$AW$3000<>"No")*(((Respuestas!$B$2:$B$3000=$B$4)+($B$4=""))>0)*(Respuestas!$D$2:$D$3000="control")) | C9: =IFERROR(SUMPRODUCT((Respuestas!$U$2:$U$3000<>"")*(Respuestas!$X$2:$X$3000<>"")*(Respuestas!$AI$2:$AI$3000<>1)*(Respuestas!$AV$2:$AV$3000<>"Sí")*(Respuestas!$AW$2:$AW$3000<>"No")*(((Respuestas!$B$2:$B$3000=$B$4)+($B$4=""))>0)*(Respuestas!$D$2:$D$3000="control")*Respuestas!$U$2:$U$3000)/B9,"") | D9: =IFERROR(SQRT(SUMPRODUCT((Respuestas!$U$2:$U$3000<>"")*(Respuestas!$X$2:$X$3000<>"")*(Respuestas!$AI$2:$AI$3000<>1)*(Respuestas!$AV$2:$AV$3000<>"Sí")*(Respuestas!$AW$2:$AW$3000<>"No")*(((Respuestas!$B$2:$B$3000=$B$4)+($B$4=""))>0)*(Respuestas!$D$2:$D$3000="control")*(Respuestas!$U$2:$U$3000-C9)^2)/(B9-1)),"") | E9: =IFERROR(SUMPRODUCT((Respuestas!$U$2:$U$3000<>"")*(Respuestas!$X$2:$X$3000<>"")*(Respuestas!$AI$2:$AI$3000<>1)*(Respuestas!$AV$2:$AV$3000<>"Sí")*(Respuestas!$AW$2:$AW$3000<>"No")*(((Respuestas!$B$2:$B$3000=$B$4)+($B$4=""))>0)*(Respuestas!$D$2:$D$3000="control")*Respuestas!$X$2:$X$3000)/B9,"") | F9: =IFERROR(SQRT(SUMPRODUCT((Respuestas!$U$2:$U$3000<>"")*(Respuestas!$X$2:$X$3000<>"")*(Respuestas!$AI$2:$AI$3000<>1)*(Respuestas!$AV$2:$AV$3000<>"Sí")*(Respuestas!$AW$2:$AW$3000<>"No")*(((Respuestas!$B$2:$B$3000=$B$4)+($B$4=""))>0)*(Respuestas!$D$2:$D$3000="control")*(Respuestas!$X$2:$X$3000-E9)^2)/(B9-1)),"") | G9: =IFERROR(C9+E9,"") | H9: =IFERROR(SUMPRODUCT((Respuestas!$U$2:$U$3000<>"")*(Respuestas!$X$2:$X$3000<>"")*(Respuestas!$AI$2:$AI$3000<>1)*(Respuestas!$AV$2:$AV$3000<>"Sí")*(Respuestas!$AW$2:$AW$3000<>"No")*(((Respuestas!$B$2:$B$3000=$B$4)+($B$4=""))>0)*(Respuestas!$D$2:$D$3000="control")*((Respuestas!$U$2:$U$3000+Respuestas!$X$2:$X$3000)>=$B$12))/B9,"")
A10: Total | B10: =B8+B9 | C10: =IFERROR((B8*C8+B9*C9)/B10,"") | E10: =IFERROR((B8*E8+B9*E9)/B10,"") | G10: =IFERROR(C10+E10,"")
A12: Umbral del premio (aciertos) | B12: 10
A13: Cafés a pagar (grupo incentivo que supera el umbral) | B13: =SUMPRODUCT((Respuestas!$U$2:$U$3000<>"")*(Respuestas!$X$2:$X$3000<>"")*(Respuestas!$AI$2:$AI$3000<>1)*(Respuestas!$AV$2:$AV$3000<>"Sí")*(Respuestas!$AW$2:$AW$3000<>"No")*(((Respuestas!$B$2:$B$3000=$B$4)+($B$4=""))>0)*(Respuestas!$D$2:$D$3000="incentivo")*((Respuestas!$U$2:$U$3000+Respuestas!$X$2:$X$3000)>=$B$12))
A15: Auxiliares por grupo | B15: n | C15: media s | D15: SC dentro s | E15: media d | F15: SC dentro d
A16: Incentivo | B16: =B8 | C16: =IFERROR(SUMPRODUCT((Respuestas!$U$2:$U$3000<>"")*(Respuestas!$X$2:$X$3000<>"")*(Respuestas!$AI$2:$AI$3000<>1)*(Respuestas!$AV$2:$AV$3000<>"Sí")*(Respuestas!$AW$2:$AW$3000<>"No")*(((Respuestas!$B$2:$B$3000=$B$4)+($B$4=""))>0)*(Respuestas!$D$2:$D$3000="incentivo")*(Respuestas!$U$2:$U$3000+Respuestas!$X$2:$X$3000)/2)/B16,"") | D16: =IFERROR(SUMPRODUCT((Respuestas!$U$2:$U$3000<>"")*(Respuestas!$X$2:$X$3000<>"")*(Respuestas!$AI$2:$AI$3000<>1)*(Respuestas!$AV$2:$AV$3000<>"Sí")*(Respuestas!$AW$2:$AW$3000<>"No")*(((Respuestas!$B$2:$B$3000=$B$4)+($B$4=""))>0)*(Respuestas!$D$2:$D$3000="incentivo")*((Respuestas!$U$2:$U$3000+Respuestas!$X$2:$X$3000)/2-C16)^2),"") | E16: =IFERROR(SUMPRODUCT((Respuestas!$U$2:$U$3000<>"")*(Respuestas!$X$2:$X$3000<>"")*(Respuestas!$AI$2:$AI$3000<>1)*(Respuestas!$AV$2:$AV$3000<>"Sí")*(Respuestas!$AW$2:$AW$3000<>"No")*(((Respuestas!$B$2:$B$3000=$B$4)+($B$4=""))>0)*(Respuestas!$D$2:$D$3000="incentivo")*(Respuestas!$U$2:$U$3000-Respuestas!$X$2:$X$3000))/B16,"") | F16: =IFERROR(SUMPRODUCT((Respuestas!$U$2:$U$3000<>"")*(Respuestas!$X$2:$X$3000<>"")*(Respuestas!$AI$2:$AI$3000<>1)*(Respuestas!$AV$2:$AV$3000<>"Sí")*(Respuestas!$AW$2:$AW$3000<>"No")*(((Respuestas!$B$2:$B$3000=$B$4)+($B$4=""))>0)*(Respuestas!$D$2:$D$3000="incentivo")*((Respuestas!$U$2:$U$3000-Respuestas!$X$2:$X$3000)-E16)^2),"")
A17: Control | B17: =B9 | C17: =IFERROR(SUMPRODUCT((Respuestas!$U$2:$U$3000<>"")*(Respuestas!$X$2:$X$3000<>"")*(Respuestas!$AI$2:$AI$3000<>1)*(Respuestas!$AV$2:$AV$3000<>"Sí")*(Respuestas!$AW$2:$AW$3000<>"No")*(((Respuestas!$B$2:$B$3000=$B$4)+($B$4=""))>0)*(Respuestas!$D$2:$D$3000="control")*(Respuestas!$U$2:$U$3000+Respuestas!$X$2:$X$3000)/2)/B17,"") | D17: =IFERROR(SUMPRODUCT((Respuestas!$U$2:$U$3000<>"")*(Respuestas!$X$2:$X$3000<>"")*(Respuestas!$AI$2:$AI$3000<>1)*(Respuestas!$AV$2:$AV$3000<>"Sí")*(Respuestas!$AW$2:$AW$3000<>"No")*(((Respuestas!$B$2:$B$3000=$B$4)+($B$4=""))>0)*(Respuestas!$D$2:$D$3000="control")*((Respuestas!$U$2:$U$3000+Respuestas!$X$2:$X$3000)/2-C17)^2),"") | E17: =IFERROR(SUMPRODUCT((Respuestas!$U$2:$U$3000<>"")*(Respuestas!$X$2:$X$3000<>"")*(Respuestas!$AI$2:$AI$3000<>1)*(Respuestas!$AV$2:$AV$3000<>"Sí")*(Respuestas!$AW$2:$AW$3000<>"No")*(((Respuestas!$B$2:$B$3000=$B$4)+($B$4=""))>0)*(Respuestas!$D$2:$D$3000="control")*(Respuestas!$U$2:$U$3000-Respuestas!$X$2:$X$3000))/B17,"") | F17: =IFERROR(SUMPRODUCT((Respuestas!$U$2:$U$3000<>"")*(Respuestas!$X$2:$X$3000<>"")*(Respuestas!$AI$2:$AI$3000<>1)*(Respuestas!$AV$2:$AV$3000<>"Sí")*(Respuestas!$AW$2:$AW$3000<>"No")*(((Respuestas!$B$2:$B$3000=$B$4)+($B$4=""))>0)*(Respuestas!$D$2:$D$3000="control")*((Respuestas!$U$2:$U$3000-Respuestas!$X$2:$X$3000)-E17)^2),"")
A18: Medias globales (ponderadas) | C18: =IFERROR((B16*C16+B17*C17)/(B16+B17),"") | E18: =IFERROR((B16*E16+B17*E17)/(B16+B17),"")
A20: ANOVA mixto 2 × 2 (SC tipo III, como JASP) | B20: SC | C20: gl | D20: MC | E20: F | F20: p | G20: η² parcial
A21: Dificultad (intra) | B21: =IFERROR(E21*D23,"") | C21: 1 | D21: =IFERROR(B21/C21,"") | E21: =IFERROR(((E16+E17)/2)^2/(((F16+F17)/(B16+B17-2))*(1/B16+1/B17)/4),"") | F21: =IFERROR(FDIST(E21,C21,C23),"") | G21: =IFERROR(B21/(B21+B23),"")
A22: Dificultad × Incentivo | B22: =IFERROR((B16*(E16-E18)^2+B17*(E17-E18)^2)/2,"") | C22: 1 | D22: =IFERROR(B22/C22,"") | E22: =IFERROR(D22/D23,"") | F22: =IFERROR(FDIST(E22,C22,C23),"") | G22: =IFERROR(B22/(B22+B23),"")
A23: Residuo intra | B23: =IFERROR((F16+F17)/2,"") | C23: =IFERROR((B16+B17-2),"") | D23: =IFERROR(B23/C23,"")
A24: Incentivo (entre) | B24: =IFERROR(2*(B16*(C16-C18)^2+B17*(C17-C18)^2),"") | C24: 1 | D24: =IFERROR(B24/C24,"") | E24: =IFERROR(D24/D25,"") | F24: =IFERROR(FDIST(E24,C24,C25),"") | G24: =IFERROR(B24/(B24+B25),"")
A25: Residuo entre | B25: =IFERROR(2*(D16+D17),"") | C25: =IFERROR((B16+B17-2),"") | D25: =IFERROR(B25/C25,"")
A27: Comprobación de la manipulación | B27: Incentivo | C27: Control
A28: Esfuerzo (1-5) | B28: =IFERROR(SUMPRODUCT((Respuestas!$U$2:$U$3000<>"")*(Respuestas!$X$2:$X$3000<>"")*(Respuestas!$AI$2:$AI$3000<>1)*(Respuestas!$AV$2:$AV$3000<>"Sí")*(Respuestas!$AW$2:$AW$3000<>"No")*(((Respuestas!$B$2:$B$3000=$B$4)+($B$4=""))>0)*(Respuestas!$D$2:$D$3000="incentivo")*(Respuestas!$AO$2:$AO$3000<>""),Respuestas!$AO$2:$AO$3000)/SUMPRODUCT((Respuestas!$U$2:$U$3000<>"")*(Respuestas!$X$2:$X$3000<>"")*(Respuestas!$AI$2:$AI$3000<>1)*(Respuestas!$AV$2:$AV$3000<>"Sí")*(Respuestas!$AW$2:$AW$3000<>"No")*(((Respuestas!$B$2:$B$3000=$B$4)+($B$4=""))>0)*(Respuestas!$D$2:$D$3000="incentivo")*(Respuestas!$AO$2:$AO$3000<>"")),"") | C28: =IFERROR(SUMPRODUCT((Respuestas!$U$2:$U$3000<>"")*(Respuestas!$X$2:$X$3000<>"")*(Respuestas!$AI$2:$AI$3000<>1)*(Respuestas!$AV$2:$AV$3000<>"Sí")*(Respuestas!$AW$2:$AW$3000<>"No")*(((Respuestas!$B$2:$B$3000=$B$4)+($B$4=""))>0)*(Respuestas!$D$2:$D$3000="control")*(Respuestas!$AO$2:$AO$3000<>""),Respuestas!$AO$2:$AO$3000)/SUMPRODUCT((Respuestas!$U$2:$U$3000<>"")*(Respuestas!$X$2:$X$3000<>"")*(Respuestas!$AI$2:$AI$3000<>1)*(Respuestas!$AV$2:$AV$3000<>"Sí")*(Respuestas!$AW$2:$AW$3000<>"No")*(((Respuestas!$B$2:$B$3000=$B$4)+($B$4=""))>0)*(Respuestas!$D$2:$D$3000="control")*(Respuestas!$AO$2:$AO$3000<>"")),"")
A29: Interés (1-5) | B29: =IFERROR(SUMPRODUCT((Respuestas!$U$2:$U$3000<>"")*(Respuestas!$X$2:$X$3000<>"")*(Respuestas!$AI$2:$AI$3000<>1)*(Respuestas!$AV$2:$AV$3000<>"Sí")*(Respuestas!$AW$2:$AW$3000<>"No")*(((Respuestas!$B$2:$B$3000=$B$4)+($B$4=""))>0)*(Respuestas!$D$2:$D$3000="incentivo")*(Respuestas!$AP$2:$AP$3000<>""),Respuestas!$AP$2:$AP$3000)/SUMPRODUCT((Respuestas!$U$2:$U$3000<>"")*(Respuestas!$X$2:$X$3000<>"")*(Respuestas!$AI$2:$AI$3000<>1)*(Respuestas!$AV$2:$AV$3000<>"Sí")*(Respuestas!$AW$2:$AW$3000<>"No")*(((Respuestas!$B$2:$B$3000=$B$4)+($B$4=""))>0)*(Respuestas!$D$2:$D$3000="incentivo")*(Respuestas!$AP$2:$AP$3000<>"")),"") | C29: =IFERROR(SUMPRODUCT((Respuestas!$U$2:$U$3000<>"")*(Respuestas!$X$2:$X$3000<>"")*(Respuestas!$AI$2:$AI$3000<>1)*(Respuestas!$AV$2:$AV$3000<>"Sí")*(Respuestas!$AW$2:$AW$3000<>"No")*(((Respuestas!$B$2:$B$3000=$B$4)+($B$4=""))>0)*(Respuestas!$D$2:$D$3000="control")*(Respuestas!$AP$2:$AP$3000<>""),Respuestas!$AP$2:$AP$3000)/SUMPRODUCT((Respuestas!$U$2:$U$3000<>"")*(Respuestas!$X$2:$X$3000<>"")*(Respuestas!$AI$2:$AI$3000<>1)*(Respuestas!$AV$2:$AV$3000<>"Sí")*(Respuestas!$AW$2:$AW$3000<>"No")*(((Respuestas!$B$2:$B$3000=$B$4)+($B$4=""))>0)*(Respuestas!$D$2:$D$3000="control")*(Respuestas!$AP$2:$AP$3000<>"")),"")
A30: Importancia (1-5) | B30: =IFERROR(SUMPRODUCT((Respuestas!$U$2:$U$3000<>"")*(Respuestas!$X$2:$X$3000<>"")*(Respuestas!$AI$2:$AI$3000<>1)*(Respuestas!$AV$2:$AV$3000<>"Sí")*(Respuestas!$AW$2:$AW$3000<>"No")*(((Respuestas!$B$2:$B$3000=$B$4)+($B$4=""))>0)*(Respuestas!$D$2:$D$3000="incentivo")*(Respuestas!$AQ$2:$AQ$3000<>""),Respuestas!$AQ$2:$AQ$3000)/SUMPRODUCT((Respuestas!$U$2:$U$3000<>"")*(Respuestas!$X$2:$X$3000<>"")*(Respuestas!$AI$2:$AI$3000<>1)*(Respuestas!$AV$2:$AV$3000<>"Sí")*(Respuestas!$AW$2:$AW$3000<>"No")*(((Respuestas!$B$2:$B$3000=$B$4)+($B$4=""))>0)*(Respuestas!$D$2:$D$3000="incentivo")*(Respuestas!$AQ$2:$AQ$3000<>"")),"") | C30: =IFERROR(SUMPRODUCT((Respuestas!$U$2:$U$3000<>"")*(Respuestas!$X$2:$X$3000<>"")*(Respuestas!$AI$2:$AI$3000<>1)*(Respuestas!$AV$2:$AV$3000<>"Sí")*(Respuestas!$AW$2:$AW$3000<>"No")*(((Respuestas!$B$2:$B$3000=$B$4)+($B$4=""))>0)*(Respuestas!$D$2:$D$3000="control")*(Respuestas!$AQ$2:$AQ$3000<>""),Respuestas!$AQ$2:$AQ$3000)/SUMPRODUCT((Respuestas!$U$2:$U$3000<>"")*(Respuestas!$X$2:$X$3000<>"")*(Respuestas!$AI$2:$AI$3000<>1)*(Respuestas!$AV$2:$AV$3000<>"Sí")*(Respuestas!$AW$2:$AW$3000<>"No")*(((Respuestas!$B$2:$B$3000=$B$4)+($B$4=""))>0)*(Respuestas!$D$2:$D$3000="control")*(Respuestas!$AQ$2:$AQ$3000<>"")),"")
A31: Motivación (media) | B31: =IFERROR(SUMPRODUCT((Respuestas!$U$2:$U$3000<>"")*(Respuestas!$X$2:$X$3000<>"")*(Respuestas!$AI$2:$AI$3000<>1)*(Respuestas!$AV$2:$AV$3000<>"Sí")*(Respuestas!$AW$2:$AW$3000<>"No")*(((Respuestas!$B$2:$B$3000=$B$4)+($B$4=""))>0)*(Respuestas!$D$2:$D$3000="incentivo")*(Respuestas!$AX$2:$AX$3000<>""),Respuestas!$AX$2:$AX$3000)/SUMPRODUCT((Respuestas!$U$2:$U$3000<>"")*(Respuestas!$X$2:$X$3000<>"")*(Respuestas!$AI$2:$AI$3000<>1)*(Respuestas!$AV$2:$AV$3000<>"Sí")*(Respuestas!$AW$2:$AW$3000<>"No")*(((Respuestas!$B$2:$B$3000=$B$4)+($B$4=""))>0)*(Respuestas!$D$2:$D$3000="incentivo")*(Respuestas!$AX$2:$AX$3000<>"")),"") | C31: =IFERROR(SUMPRODUCT((Respuestas!$U$2:$U$3000<>"")*(Respuestas!$X$2:$X$3000<>"")*(Respuestas!$AI$2:$AI$3000<>1)*(Respuestas!$AV$2:$AV$3000<>"Sí")*(Respuestas!$AW$2:$AW$3000<>"No")*(((Respuestas!$B$2:$B$3000=$B$4)+($B$4=""))>0)*(Respuestas!$D$2:$D$3000="control")*(Respuestas!$AX$2:$AX$3000<>""),Respuestas!$AX$2:$AX$3000)/SUMPRODUCT((Respuestas!$U$2:$U$3000<>"")*(Respuestas!$X$2:$X$3000<>"")*(Respuestas!$AI$2:$AI$3000<>1)*(Respuestas!$AV$2:$AV$3000<>"Sí")*(Respuestas!$AW$2:$AW$3000<>"No")*(((Respuestas!$B$2:$B$3000=$B$4)+($B$4=""))>0)*(Respuestas!$D$2:$D$3000="control")*(Respuestas!$AX$2:$AX$3000<>"")),"")
A32: Dice que se le ofreció premio (%) | B32: =IFERROR(SUMPRODUCT((Respuestas!$U$2:$U$3000<>"")*(Respuestas!$X$2:$X$3000<>"")*(Respuestas!$AI$2:$AI$3000<>1)*(Respuestas!$AV$2:$AV$3000<>"Sí")*(Respuestas!$AW$2:$AW$3000<>"No")*(((Respuestas!$B$2:$B$3000=$B$4)+($B$4=""))>0)*(Respuestas!$D$2:$D$3000="incentivo")*(Respuestas!$AR$2:$AR$3000="Sí"))/SUMPRODUCT((Respuestas!$U$2:$U$3000<>"")*(Respuestas!$X$2:$X$3000<>"")*(Respuestas!$AI$2:$AI$3000<>1)*(Respuestas!$AV$2:$AV$3000<>"Sí")*(Respuestas!$AW$2:$AW$3000<>"No")*(((Respuestas!$B$2:$B$3000=$B$4)+($B$4=""))>0)*(Respuestas!$D$2:$D$3000="incentivo")),"") | C32: =IFERROR(SUMPRODUCT((Respuestas!$U$2:$U$3000<>"")*(Respuestas!$X$2:$X$3000<>"")*(Respuestas!$AI$2:$AI$3000<>1)*(Respuestas!$AV$2:$AV$3000<>"Sí")*(Respuestas!$AW$2:$AW$3000<>"No")*(((Respuestas!$B$2:$B$3000=$B$4)+($B$4=""))>0)*(Respuestas!$D$2:$D$3000="control")*(Respuestas!$AR$2:$AR$3000="Sí"))/SUMPRODUCT((Respuestas!$U$2:$U$3000<>"")*(Respuestas!$X$2:$X$3000<>"")*(Respuestas!$AI$2:$AI$3000<>1)*(Respuestas!$AV$2:$AV$3000<>"Sí")*(Respuestas!$AW$2:$AW$3000<>"No")*(((Respuestas!$B$2:$B$3000=$B$4)+($B$4=""))>0)*(Respuestas!$D$2:$D$3000="control")),"")
A34: Las fórmulas toleran grupos de distinto tamaño (SC de tipo III). Los resultados deben coincidir con los de la web y con JASP (ANOVA de medidas repetidas: factor intra «Dificultad» con 2 niveles; factor entre «Incentivo»).

Sheet Respuestas
A1: id | B1: cohorte | C1: modo | D1: condicion | E1: asignacion | F1: bloque | G1: reclutador | H1: dispositivo | I1: n_en_dispositivo | J1: seg_desde_anterior | K1: fecha_inicio | L1: fecha_fin | M1: recibido | N1: duracion_s | O1: movil | P1: pantalla | Q1: cambios_pestana | R1: avisos_rapidez | S1: orden_items | T1: practica_aciertos | U1: aciertos_facil | V1: n_facil | W1: tr_mediana_facil | X1: aciertos_dificil | Y1: n_dificil | Z1: tr_mediana_dificil | AA1: aciertos_total | AB1: n_items | AC1: n_nose | AD1: n_ninguna | AE1: n_tiempo_agotado | AF1: n_rapidas | AG1: tr_mediana | AH1: max_misma_opcion | AI1: sospechoso | AJ1: motivo_sospecha | AK1: umbral | AL1: supera_umbral | AM1: premio | AN1: codigo_premio | AO1: mot_esfuerzo | AP1: mot_interes | AQ1: mot_importancia | AR1: recuerda_premio | AS1: sexo | AT1: edad | AU1: psicologia | AV1: ya_participo | AW1: condiciones | AX1: motivacion | AY1: F11_resp | AZ1: F11_ok | BA1: F11_tr | BB1: F11_pos | BC1: F12_resp | BD1: F12_ok | BE1: F12_tr | BF1: F12_pos | BG1: F13_resp | BH1: F13_ok | BI1: F13_tr | BJ1: F13_pos | BK1: F14_resp | BL1: F14_ok | BM1: F14_tr | BN1: F14_pos | BO1: F15_resp | BP1: F15_ok | BQ1: F15_tr | BR1: F15_pos | BS1: F16_resp | BT1: F16_ok | BU1: F16_tr | BV1: F16_pos | BW1: F17_resp | BX1: F17_ok | BY1: F17_tr | BZ1: F17_pos | CA1: F18_resp | CB1: F18_ok | CC1: F18_tr | CD1: F18_pos | CE1: F19_resp | CF1: F19_ok | CG1: F19_tr | CH1: F19_pos | CI1: F20_resp | CJ1: F20_ok | CK1: F20_tr | CL1: F20_pos | CM1: D11_resp | CN1: D11_ok | CO1: D11_tr | CP1: D11_pos | CQ1: D12_resp | CR1: D12_ok | CS1: D12_tr | CT1: D12_pos | CU1: D13_resp | CV1: D13_ok | CW1: D13_tr | CX1: D13_pos | CY1: D14_resp | CZ1: D14_ok | DA1: D14_tr | DB1: D14_pos | DC1: D15_resp | DD1: D15_ok | DE1: D15_tr | DF1: D15_pos | DG1: D16_resp | DH1: D16_ok | DI1: D16_tr | DJ1: D16_pos | DK1: D17_resp | DL1: D17_ok | DM1: D17_tr | DN1: D17_pos | DO1: D18_resp | DP1: D18_ok | DQ1: D18_tr | DR1: D18_pos | DS1: D19_resp | DT1: D19_ok | DU1: D19_tr | DV1: D19_pos | DW1: D20_resp | DX1: D20_ok | DY1: D20_tr | DZ1: D20_pos

Sheet Asignaciones
A1: fecha | B1: cohorte | C1: id | D1: condicion | E1: bloque | F1: quedan_en_bloque

Sheet Items
A1: Ítem | B1: Dificultad | C1: En el experimento | D1: Rotación de la figura principal | E1: Sustracción de líneas | F1: Rotación del trapecio | G1: Movimiento del punto | H1: Reflejo | I1: Nº reglas | J1: Clave | K1: N | L1: p (aciertos) | M1: p incentivo | N1: p control
A2: P3 | B2: Práctica | C2: Práctica | D2: 0 | E2: 0 | F2: 0 | G2: 1 | H2: 0 | I2: 1 | J2: 7
A3: P4 | B3: Práctica | C3: Práctica | D3: 0 | E3: 0 | F3: 0 | G3: 1 | H3: 0 | I3: 1 | J3: 3
A4: F11 | B4: Fácil | C4: Sí | D4: 0 | E4: 0 | F4: 0 | G4: 1 | H4: 0 | I4: 1 | J4: 6 | K4: =SUMPRODUCT((Respuestas!$U$2:$U$3000<>"")*(Respuestas!$X$2:$X$3000<>"")*(Respuestas!$AI$2:$AI$3000<>1)*(Respuestas!$AV$2:$AV$3000<>"Sí")*(Respuestas!$AW$2:$AW$3000<>"No")*(((Respuestas!$B$2:$B$3000=$B$4)+($B$4=""))>0)*(Respuestas!$AZ$2:$AZ$3000<>"")) | L4: =IFERROR(SUMPRODUCT((Respuestas!$U$2:$U$3000<>"")*(Respuestas!$X$2:$X$3000<>"")*(Respuestas!$AI$2:$AI$3000<>1)*(Respuestas!$AV$2:$AV$3000<>"Sí")*(Respuestas!$AW$2:$AW$3000<>"No")*(((Respuestas!$B$2:$B$3000=$B$4)+($B$4=""))>0)*(Respuestas!$AZ$2:$AZ$3000<>""),Respuestas!$AZ$2:$AZ$3000)/K4,"") | M4: =IFERROR(SUMPRODUCT((Respuestas!$U$2:$U$3000<>"")*(Respuestas!$X$2:$X$3000<>"")*(Respuestas!$AI$2:$AI$3000<>1)*(Respuestas!$AV$2:$AV$3000<>"Sí")*(Respuestas!$AW$2:$AW$3000<>"No")*(((Respuestas!$B$2:$B$3000=$B$4)+($B$4=""))>0)*(Respuestas!$D$2:$D$3000="incentivo")*(Respuestas!$AZ$2:$AZ$3000<>""),Respuestas!$AZ$2:$AZ$3000)/SUMPRODUCT((Respuestas!$U$2:$U$3000<>"")*(Respuestas!$X$2:$X$3000<>"")*(Respuestas!$AI$2:$AI$3000<>1)*(Respuestas!$AV$2:$AV$3000<>"Sí")*(Respuestas!$AW$2:$AW$3000<>"No")*(((Respuestas!$B$2:$B$3000=$B$4)+($B$4=""))>0)*(Respuestas!$D$2:$D$3000="incentivo")*(Respuestas!$AZ$2:$AZ$3000<>"")),"") | N4: =IFERROR(SUMPRODUCT((Respuestas!$U$2:$U$3000<>"")*(Respuestas!$X$2:$X$3000<>"")*(Respuestas!$AI$2:$AI$3000<>1)*(Respuestas!$AV$2:$AV$3000<>"Sí")*(Respuestas!$AW$2:$AW$3000<>"No")*(((Respuestas!$B$2:$B$3000=$B$4)+($B$4=""))>0)*(Respuestas!$D$2:$D$3000="control")*(Respuestas!$AZ$2:$AZ$3000<>""),Respuestas!$AZ$2:$AZ$3000)/SUMPRODUCT((Respuestas!$U$2:$U$3000<>"")*(Respuestas!$X$2:$X$3000<>"")*(Respuestas!$AI$2:$AI$3000<>1)*(Respuestas!$AV$2:$AV$3000<>"Sí")*(Respuestas!$AW$2:$AW$3000<>"No")*(((Respuestas!$B$2:$B$3000=$B$4)+($B$4=""))>0)*(Respuestas!$D$2:$D$3000="control")*(Respuestas!$AZ$2:$AZ$3000<>"")),"")
A5: F12 | B5: Fácil | C5: Sí | D5: 0 | E5: 0 | F5: 0 | G5: 1 | H5: 0 | I5: 1 | J5: 6 | K5: =SUMPRODUCT((Respuestas!$U$2:$U$3000<>"")*(Respuestas!$X$2:$X$3000<>"")*(Respuestas!$AI$2:$AI$3000<>1)*(Respuestas!$AV$2:$AV$3000<>"Sí")*(Respuestas!$AW$2:$AW$3000<>"No")*(((Respuestas!$B$2:$B$3000=$B$4)+($B$4=""))>0)*(Respuestas!$BD$2:$BD$3000<>"")) | L5: =IFERROR(SUMPRODUCT((Respuestas!$U$2:$U$3000<>"")*(Respuestas!$X$2:$X$3000<>"")*(Respuestas!$AI$2:$AI$3000<>1)*(Respuestas!$AV$2:$AV$3000<>"Sí")*(Respuestas!$AW$2:$AW$3000<>"No")*(((Respuestas!$B$2:$B$3000=$B$4)+($B$4=""))>0)*(Respuestas!$BD$2:$BD$3000<>""),Respuestas!$BD$2:$BD$3000)/K5,"") | M5: =IFERROR(SUMPRODUCT((Respuestas!$U$2:$U$3000<>"")*(Respuestas!$X$2:$X$3000<>"")*(Respuestas!$AI$2:$AI$3000<>1)*(Respuestas!$AV$2:$AV$3000<>"Sí")*(Respuestas!$AW$2:$AW$3000<>"No")*(((Respuestas!$B$2:$B$3000=$B$4)+($B$4=""))>0)*(Respuestas!$D$2:$D$3000="incentivo")*(Respuestas!$BD$2:$BD$3000<>""),Respuestas!$BD$2:$BD$3000)/SUMPRODUCT((Respuestas!$U$2:$U$3000<>"")*(Respuestas!$X$2:$X$3000<>"")*(Respuestas!$AI$2:$AI$3000<>1)*(Respuestas!$AV$2:$AV$3000<>"Sí")*(Respuestas!$AW$2:$AW$3000<>"No")*(((Respuestas!$B$2:$B$3000=$B$4)+($B$4=""))>0)*(Respuestas!$D$2:$D$3000="incentivo")*(Respuestas!$BD$2:$BD$3000<>"")),"") | N5: =IFERROR(SUMPRODUCT((Respuestas!$U$2:$U$3000<>"")*(Respuestas!$X$2:$X$3000<>"")*(Respuestas!$AI$2:$AI$3000<>1)*(Respuestas!$AV$2:$AV$3000<>"Sí")*(Respuestas!$AW$2:$AW$3000<>"No")*(((Respuestas!$B$2:$B$3000=$B$4)+($B$4=""))>0)*(Respuestas!$D$2:$D$3000="control")*(Respuestas!$BD$2:$BD$3000<>""),Respuestas!$BD$2:$BD$3000)/SUMPRODUCT((Respuestas!$U$2:$U$3000<>"")*(Respuestas!$X$2:$X$3000<>"")*(Respuestas!$AI$2:$AI$3000<>1)*(Respuestas!$AV$2:$AV$3000<>"Sí")*(Respuestas!$AW$2:$AW$3000<>"No")*(((Respuestas!$B$2:$B$3000=$B$4)+($B$4=""))>0)*(Respuestas!$D$2:$D$3000="control")*(Respuestas!$BD$2:$BD$3000<>"")),"")
A6: F13 | B6: Fácil | C6: No | D6: 0 | E6: 0 | F6: 0 | G6: 1 | H6: 0 | I6: 1 | J6: 4 | K6: =SUMPRODUCT((Respuestas!$U$2:$U$3000<>"")*(Respuestas!$X$2:$X$3000<>"")*(Respuestas!$AI$2:$AI$3000<>1)*(Respuestas!$AV$2:$AV$3000<>"Sí")*(Respuestas!$AW$2:$AW$3000<>"No")*(((Respuestas!$B$2:$B$3000=$B$4)+($B$4=""))>0)*(Respuestas!$BH$2:$BH$3000<>"")) | L6: =IFERROR(SUMPRODUCT((Respuestas!$U$2:$U$3000<>"")*(Respuestas!$X$2:$X$3000<>"")*(Respuestas!$AI$2:$AI$3000<>1)*(Respuestas!$AV$2:$AV$3000<>"Sí")*(Respuestas!$AW$2:$AW$3000<>"No")*(((Respuestas!$B$2:$B$3000=$B$4)+($B$4=""))>0)*(Respuestas!$BH$2:$BH$3000<>""),Respuestas!$BH$2:$BH$3000)/K6,"") | M6: =IFERROR(SUMPRODUCT((Respuestas!$U$2:$U$3000<>"")*(Respuestas!$X$2:$X$3000<>"")*(Respuestas!$AI$2:$AI$3000<>1)*(Respuestas!$AV$2:$AV$3000<>"Sí")*(Respuestas!$AW$2:$AW$3000<>"No")*(((Respuestas!$B$2:$B$3000=$B$4)+($B$4=""))>0)*(Respuestas!$D$2:$D$3000="incentivo")*(Respuestas!$BH$2:$BH$3000<>""),Respuestas!$BH$2:$BH$3000)/SUMPRODUCT((Respuestas!$U$2:$U$3000<>"")*(Respuestas!$X$2:$X$3000<>"")*(Respuestas!$AI$2:$AI$3000<>1)*(Respuestas!$AV$2:$AV$3000<>"Sí")*(Respuestas!$AW$2:$AW$3000<>"No")*(((Respuestas!$B$2:$B$3000=$B$4)+($B$4=""))>0)*(Respuestas!$D$2:$D$3000="incentivo")*(Respuestas!$BH$2:$BH$3000<>"")),"") | N6: =IFERROR(SUMPRODUCT((Respuestas!$U$2:$U$3000<>"")*(Respuestas!$X$2:$X$3000<>"")*(Respuestas!$AI$2:$AI$3000<>1)*(Respuestas!$AV$2:$AV$3000<>"Sí")*(Respuestas!$AW$2:$AW$3000<>"No")*(((Respuestas!$B$2:$B$3000=$B$4)+($B$4=""))>0)*(Respuestas!$D$2:$D$3000="control")*(Respuestas!$BH$2:$BH$3000<>""),Respuestas!$BH$2:$BH$3000)/SUMPRODUCT((Respuestas!$U$2:$U$3000<>"")*(Respuestas!$X$2:$X$3000<>"")*(Respuestas!$AI$2:$AI$3000<>1)*(Respuestas!$AV$2:$AV$3000<>"Sí")*(Respuestas!$AW$2:$AW$3000<>"No")*(((Respuestas!$B$2:$B$3000=$B$4)+($B$4=""))>0)*(Respuestas!$D$2:$D$3000="control")*(Respuestas!$BH$2:$BH$3000<>"")),"")
A7: F14 | B7: Fácil | C7: Sí | D7: 0 | E7: 0 | F7: 1 | G7: 0 | H7: 0 | I7: 1 | J7: 2 | K7: =SUMPRODUCT((Respuestas!$U$2:$U$3000<>"")*(Respuestas!$X$2:$X$3000<>"")*(Respuestas!$AI$2:$AI$3000<>1)*(Respuestas!$AV$2:$AV$3000<>"Sí")*(Respuestas!$AW$2:$AW$3000<>"No")*(((Respuestas!$B$2:$B$3000=$B$4)+($B$4=""))>0)*(Respuestas!$BL$2:$BL$3000<>"")) | L7: =IFERROR(SUMPRODUCT((Respuestas!$U$2:$U$3000<>"")*(Respuestas!$X$2:$X$3000<>"")*(Respuestas!$AI$2:$AI$3000<>1)*(Respuestas!$AV$2:$AV$3000<>"Sí")*(Respuestas!$AW$2:$AW$3000<>"No")*(((Respuestas!$B$2:$B$3000=$B$4)+($B$4=""))>0)*(Respuestas!$BL$2:$BL$3000<>""),Respuestas!$BL$2:$BL$3000)/K7,"") | M7: =IFERROR(SUMPRODUCT((Respuestas!$U$2:$U$3000<>"")*(Respuestas!$X$2:$X$3000<>"")*(Respuestas!$AI$2:$AI$3000<>1)*(Respuestas!$AV$2:$AV$3000<>"Sí")*(Respuestas!$AW$2:$AW$3000<>"No")*(((Respuestas!$B$2:$B$3000=$B$4)+($B$4=""))>0)*(Respuestas!$D$2:$D$3000="incentivo")*(Respuestas!$BL$2:$BL$3000<>""),Respuestas!$BL$2:$BL$3000)/SUMPRODUCT((Respuestas!$U$2:$U$3000<>"")*(Respuestas!$X$2:$X$3000<>"")*(Respuestas!$AI$2:$AI$3000<>1)*(Respuestas!$AV$2:$AV$3000<>"Sí")*(Respuestas!$AW$2:$AW$3000<>"No")*(((Respuestas!$B$2:$B$3000=$B$4)+($B$4=""))>0)*(Respuestas!$D$2:$D$3000="incentivo")*(Respuestas!$BL$2:$BL$3000<>"")),"") | N7: =IFERROR(SUMPRODUCT((Respuestas!$U$2:$U$3000<>"")*(Respuestas!$X$2:$X$3000<>"")*(Respuestas!$AI$2:$AI$3000<>1)*(Respuestas!$AV$2:$AV$3000<>"Sí")*(Respuestas!$AW$2:$AW$3000<>"No")*(((Respuestas!$B$2:$B$3000=$B$4)+($B$4=""))>0)*(Respuestas!$D$2:$D$3000="control")*(Respuestas!$BL$2:$BL$3000<>""),Respuestas!$BL$2:$BL$3000)/SUMPRODUCT((Respuestas!$U$2:$U$3000<>"")*(Respuestas!$X$2:$X$3000<>"")*(Respuestas!$AI$2:$AI$3000<>1)*(Respuestas!$AV$2:$AV$3000<>"Sí")*(Respuestas!$AW$2:$AW$3000<>"No")*(((Respuestas!$B$2:$B$3000=$B$4)+($B$4=""))>0)*(Respuestas!$D$2:$D$3000="control")*(Respuestas!$BL$2:$BL$3000<>"")),"")
A8: F15 | B8: Fácil | C8: Sí | D8: 0 | E8: 0 | F8: 1 | G8: 0 | H8: 0 | I8: 1 | J8: 8 | K8: =SUMPRODUCT((Respuestas!$U$2:$U$3000<>"")*(Respuestas!$X$2:$X$3000<>"")*(Respuestas!$AI$2:$AI$3000<>1)*(Respuestas!$AV$2:$AV$3000<>"Sí")*(Respuestas!$AW$2:$AW$3000<>"No")*(((Respuestas!$B$2:$B$3000=$B$4)+($B$4=""))>0)*(Respuestas!$BP$2:$BP$3000<>"")) | L8: =IFERROR(SUMPRODUCT((Respuestas!$U$2:$U$3000<>"")*(Respuestas!$X$2:$X$3000<>"")*(Respuestas!$AI$2:$AI$3000<>1)*(Respuestas!$AV$2:$AV$3000<>"Sí")*(Respuestas!$AW$2:$AW$3000<>"No")*(((Respuestas!$B$2:$B$3000=$B$4)+($B$4=""))>0)*(Respuestas!$BP$2:$BP$3000<>""),Respuestas!$BP$2:$BP$3000)/K8,"") | M8: =IFERROR(SUMPRODUCT((Respuestas!$U$2:$U$3000<>"")*(Respuestas!$X$2:$X$3000<>"")*(Respuestas!$AI$2:$AI$3000<>1)*(Respuestas!$AV$2:$AV$3000<>"Sí")*(Respuestas!$AW$2:$AW$3000<>"No")*(((Respuestas!$B$2:$B$3000=$B$4)+($B$4=""))>0)*(Respuestas!$D$2:$D$3000="incentivo")*(Respuestas!$BP$2:$BP$3000<>""),Respuestas!$BP$2:$BP$3000)/SUMPRODUCT((Respuestas!$U$2:$U$3000<>"")*(Respuestas!$X$2:$X$3000<>"")*(Respuestas!$AI$2:$AI$3000<>1)*(Respuestas!$AV$2:$AV$3000<>"Sí")*(Respuestas!$AW$2:$AW$3000<>"No")*(((Respuestas!$B$2:$B$3000=$B$4)+($B$4=""))>0)*(Respuestas!$D$2:$D$3000="incentivo")*(Respuestas!$BP$2:$BP$3000<>"")),"") | N8: =IFERROR(SUMPRODUCT((Respuestas!$U$2:$U$3000<>"")*(Respuestas!$X$2:$X$3000<>"")*(Respuestas!$AI$2:$AI$3000<>1)*(Respuestas!$AV$2:$AV$3000<>"Sí")*(Respuestas!$AW$2:$AW$3000<>"No")*(((Respuestas!$B$2:$B$3000=$B$4)+($B$4=""))>0)*(Respuestas!$D$2:$D$3000="control")*(Respuestas!$BP$2:$BP$3000<>""),Respuestas!$BP$2:$BP$3000)/SUMPRODUCT((Respuestas!$U$2:$U$3000<>"")*(Respuestas!$X$2:$X$3000<>"")*(Respuestas!$AI$2:$AI$3000<>1)*(Respuestas!$AV$2:$AV$3000<>"Sí")*(Respuestas!$AW$2:$AW$3000<>"No")*(((Respuestas!$B$2:$B$3000=$B$4)+($B$4=""))>0)*(Respuestas!$D$2:$D$3000="control")*(Respuestas!$BP$2:$BP$3000<>"")),"")
A9: F16 | B9: Fácil | C9: No | D9: 0 | E9: 0 | F9: 1 | G9: 0 | H9: 0 | I9: 1 | J9: 5 | K9: =SUMPRODUCT((Respuestas!$U$2:$U$3000<>"")*(Respuestas!$X$2:$X$3000<>"")*(Respuestas!$AI$2:$AI$3000<>1)*(Respuestas!$AV$2:$AV$3000<>"Sí")*(Respuestas!$AW$2:$AW$3000<>"No")*(((Respuestas!$B$2:$B$3000=$B$4)+($B$4=""))>0)*(Respuestas!$BT$2:$BT$3000<>"")) | L9: =IFERROR(SUMPRODUCT((Respuestas!$U$2:$U$3000<>"")*(Respuestas!$X$2:$X$3000<>"")*(Respuestas!$AI$2:$AI$3000<>1)*(Respuestas!$AV$2:$AV$3000<>"Sí")*(Respuestas!$AW$2:$AW$3000<>"No")*(((Respuestas!$B$2:$B$3000=$B$4)+($B$4=""))>0)*(Respuestas!$BT$2:$BT$3000<>""),Respuestas!$BT$2:$BT$3000)/K9,"") | M9: =IFERROR(SUMPRODUCT((Respuestas!$U$2:$U$3000<>"")*(Respuestas!$X$2:$X$3000<>"")*(Respuestas!$AI$2:$AI$3000<>1)*(Respuestas!$AV$2:$AV$3000<>"Sí")*(Respuestas!$AW$2:$AW$3000<>"No")*(((Respuestas!$B$2:$B$3000=$B$4)+($B$4=""))>0)*(Respuestas!$D$2:$D$3000="incentivo")*(Respuestas!$BT$2:$BT$3000<>""),Respuestas!$BT$2:$BT$3000)/SUMPRODUCT((Respuestas!$U$2:$U$3000<>"")*(Respuestas!$X$2:$X$3000<>"")*(Respuestas!$AI$2:$AI$3000<>1)*(Respuestas!$AV$2:$AV$3000<>"Sí")*(Respuestas!$AW$2:$AW$3000<>"No")*(((Respuestas!$B$2:$B$3000=$B$4)+($B$4=""))>0)*(Respuestas!$D$2:$D$3000="incentivo")*(Respuestas!$BT$2:$BT$3000<>"")),"") | N9: =IFERROR(SUMPRODUCT((Respuestas!$U$2:$U$3000<>"")*(Respuestas!$X$2:$X$3000<>"")*(Respuestas!$AI$2:$AI$3000<>1)*(Respuestas!$AV$2:$AV$3000<>"Sí")*(Respuestas!$AW$2:$AW$3000<>"No")*(((Respuestas!$B$2:$B$3000=$B$4)+($B$4=""))>0)*(Respuestas!$D$2:$D$3000="control")*(Respuestas!$BT$2:$BT$3000<>""),Respuestas!$BT$2:$BT$3000)/SUMPRODUCT((Respuestas!$U$2:$U$3000<>"")*(Respuestas!$X$2:$X$3000<>"")*(Respuestas!$AI$2:$AI$3000<>1)*(Respuestas!$AV$2:$AV$3000<>"Sí")*(Respuestas!$AW$2:$AW$3000<>"No")*(((Respuestas!$B$2:$B$3000=$B$4)+($B$4=""))>0)*(Respuestas!$D$2:$D$3000="control")*(Respuestas!$BT$2:$BT$3000<>"")),"")
A10: F17 | B10: Fácil | C10: Sí | D10: 0 | E10: 0 | F10: 0 | G10: 0 | H10: 1 | I10: 1 | J10: 6 | K10: =SUMPRODUCT((Respuestas!$U$2:$U$3000<>"")*(Respuestas!$X$2:$X$3000<>"")*(Respuestas!$AI$2:$AI$3000<>1)*(Respuestas!$AV$2:$AV$3000<>"Sí")*(Respuestas!$AW$2:$AW$3000<>"No")*(((Respuestas!$B$2:$B$3000=$B$4)+($B$4=""))>0)*(Respuestas!$BX$2:$BX$3000<>"")) | L10: =IFERROR(SUMPRODUCT((Respuestas!$U$2:$U$3000<>"")*(Respuestas!$X$2:$X$3000<>"")*(Respuestas!$AI$2:$AI$3000<>1)*(Respuestas!$AV$2:$AV$3000<>"Sí")*(Respuestas!$AW$2:$AW$3000<>"No")*(((Respuestas!$B$2:$B$3000=$B$4)+($B$4=""))>0)*(Respuestas!$BX$2:$BX$3000<>""),Respuestas!$BX$2:$BX$3000)/K10,"") | M10: =IFERROR(SUMPRODUCT((Respuestas!$U$2:$U$3000<>"")*(Respuestas!$X$2:$X$3000<>"")*(Respuestas!$AI$2:$AI$3000<>1)*(Respuestas!$AV$2:$AV$3000<>"Sí")*(Respuestas!$AW$2:$AW$3000<>"No")*(((Respuestas!$B$2:$B$3000=$B$4)+($B$4=""))>0)*(Respuestas!$D$2:$D$3000="incentivo")*(Respuestas!$BX$2:$BX$3000<>""),Respuestas!$BX$2:$BX$3000)/SUMPRODUCT((Respuestas!$U$2:$U$3000<>"")*(Respuestas!$X$2:$X$3000<>"")*(Respuestas!$AI$2:$AI$3000<>1)*(Respuestas!$AV$2:$AV$3000<>"Sí")*(Respuestas!$AW$2:$AW$3000<>"No")*(((Respuestas!$B$2:$B$3000=$B$4)+($B$4=""))>0)*(Respuestas!$D$2:$D$3000="incentivo")*(Respuestas!$BX$2:$BX$3000<>"")),"") | N10: =IFERROR(SUMPRODUCT((Respuestas!$U$2:$U$3000<>"")*(Respuestas!$X$2:$X$3000<>"")*(Respuestas!$AI$2:$AI$3000<>1)*(Respuestas!$AV$2:$AV$3000<>"Sí")*(Respuestas!$AW$2:$AW$3000<>"No")*(((Respuestas!$B$2:$B$3000=$B$4)+($B$4=""))>0)*(Respuestas!$D$2:$D$3000="control")*(Respuestas!$BX$2:$BX$3000<>""),Respuestas!$BX$2:$BX$3000)/SUMPRODUCT((Respuestas!$U$2:$U$3000<>"")*(Respuestas!$X$2:$X$3000<>"")*(Respuestas!$AI$2:$AI$3000<>1)*(Respuestas!$AV$2:$AV$3000<>"Sí")*(Respuestas!$AW$2:$AW$3000<>"No")*(((Respuestas!$B$2:$B$3000=$B$4)+($B$4=""))>0)*(Respuestas!$D$2:$D$3000="control")*(Respuestas!$BX$2:$BX$3000<>"")),"")
A11: F18 | B11: Fácil | C11: Sí | D11: 0 | E11: 0 | F11: 0 | G11: 0 | H11: 1 | I11: 1 | J11: 3 | K11: =SUMPRODUCT((Respuestas!$U$2:$U$3000<>"")*(Respuestas!$X$2:$X$3000<>"")*(Respuestas!$AI$2:$AI$3000<>1)*(Respuestas!$AV$2:$AV$3000<>"Sí")*(Respuestas!$AW$2:$AW$3000<>"No")*(((Respuestas!$B$2:$B$3000=$B$4)+($B$4=""))>0)*(Respuestas!$CB$2:$CB$3000<>"")) | L11: =IFERROR(SUMPRODUCT((Respuestas!$U$2:$U$3000<>"")*(Respuestas!$X$2:$X$3000<>"")*(Respuestas!$AI$2:$AI$3000<>1)*(Respuestas!$AV$2:$AV$3000<>"Sí")*(Respuestas!$AW$2:$AW$3000<>"No")*(((Respuestas!$B$2:$B$3000=$B$4)+($B$4=""))>0)*(Respuestas!$CB$2:$CB$3000<>""),Respuestas!$CB$2:$CB$3000)/K11,"") | M11: =IFERROR(SUMPRODUCT((Respuestas!$U$2:$U$3000<>"")*(Respuestas!$X$2:$X$3000<>"")*(Respuestas!$AI$2:$AI$3000<>1)*(Respuestas!$AV$2:$AV$3000<>"Sí")*(Respuestas!$AW$2:$AW$3000<>"No")*(((Respuestas!$B$2:$B$3000=$B$4)+($B$4=""))>0)*(Respuestas!$D$2:$D$3000="incentivo")*(Respuestas!$CB$2:$CB$3000<>""),Respuestas!$CB$2:$CB$3000)/SUMPRODUCT((Respuestas!$U$2:$U$3000<>"")*(Respuestas!$X$2:$X$3000<>"")*(Respuestas!$AI$2:$AI$3000<>1)*(Respuestas!$AV$2:$AV$3000<>"Sí")*(Respuestas!$AW$2:$AW$3000<>"No")*(((Respuestas!$B$2:$B$3000=$B$4)+($B$4=""))>0)*(Respuestas!$D$2:$D$3000="incentivo")*(Respuestas!$CB$2:$CB$3000<>"")),"") | N11: =IFERROR(SUMPRODUCT((Respuestas!$U$2:$U$3000<>"")*(Respuestas!$X$2:$X$3000<>"")*(Respuestas!$AI$2:$AI$3000<>1)*(Respuestas!$AV$2:$AV$3000<>"Sí")*(Respuestas!$AW$2:$AW$3000<>"No")*(((Respuestas!$B$2:$B$3000=$B$4)+($B$4=""))>0)*(Respuestas!$D$2:$D$3000="control")*(Respuestas!$CB$2:$CB$3000<>""),Respuestas!$CB$2:$CB$3000)/SUMPRODUCT((Respuestas!$U$2:$U$3000<>"")*(Respuestas!$X$2:$X$3000<>"")*(Respuestas!$AI$2:$AI$3000<>1)*(Respuestas!$AV$2:$AV$3000<>"Sí")*(Respuestas!$AW$2:$AW$3000<>"No")*(((Respuestas!$B$2:$B$3000=$B$4)+($B$4=""))>0)*(Respuestas!$D$2:$D$3000="control")*(Respuestas!$CB$2:$CB$3000<>"")),"")
A12: F19 | B12: Fácil | C12: No | D12: 0 | E12: 0 | F12: 1 | G12: 0 | H12: 0 | I12: 1 | J12: 7 | K12: =SUMPRODUCT((Respuestas!$U$2:$U$3000<>"")*(Respuestas!$X$2:$X$3000<>"")*(Respuestas!$AI$2:$AI$3000<>1)*(Respuestas!$AV$2:$AV$3000<>"Sí")*(Respuestas!$AW$2:$AW$3000<>"No")*(((Respuestas!$B$2:$B$3000=$B$4)+($B$4=""))>0)*(Respuestas!$CF$2:$CF$3000<>"")) | L12: =IFERROR(SUMPRODUCT((Respuestas!$U$2:$U$3000<>"")*(Respuestas!$X$2:$X$3000<>"")*(Respuestas!$AI$2:$AI$3000<>1)*(Respuestas!$AV$2:$AV$3000<>"Sí")*(Respuestas!$AW$2:$AW$3000<>"No")*(((Respuestas!$B$2:$B$3000=$B$4)+($B$4=""))>0)*(Respuestas!$CF$2:$CF$3000<>""),Respuestas!$CF$2:$CF$3000)/K12,"") | M12: =IFERROR(SUMPRODUCT((Respuestas!$U$2:$U$3000<>"")*(Respuestas!$X$2:$X$3000<>"")*(Respuestas!$AI$2:$AI$3000<>1)*(Respuestas!$AV$2:$AV$3000<>"Sí")*(Respuestas!$AW$2:$AW$3000<>"No")*(((Respuestas!$B$2:$B$3000=$B$4)+($B$4=""))>0)*(Respuestas!$D$2:$D$3000="incentivo")*(Respuestas!$CF$2:$CF$3000<>""),Respuestas!$CF$2:$CF$3000)/SUMPRODUCT((Respuestas!$U$2:$U$3000<>"")*(Respuestas!$X$2:$X$3000<>"")*(Respuestas!$AI$2:$AI$3000<>1)*(Respuestas!$AV$2:$AV$3000<>"Sí")*(Respuestas!$AW$2:$AW$3000<>"No")*(((Respuestas!$B$2:$B$3000=$B$4)+($B$4=""))>0)*(Respuestas!$D$2:$D$3000="incentivo")*(Respuestas!$CF$2:$CF$3000<>"")),"") | N12: =IFERROR(SUMPRODUCT((Respuestas!$U$2:$U$3000<>"")*(Respuestas!$X$2:$X$3000<>"")*(Respuestas!$AI$2:$AI$3000<>1)*(Respuestas!$AV$2:$AV$3000<>"Sí")*(Respuestas!$AW$2:$AW$3000<>"No")*(((Respuestas!$B$2:$B$3000=$B$4)+($B$4=""))>0)*(Respuestas!$D$2:$D$3000="control")*(Respuestas!$CF$2:$CF$3000<>""),Respuestas!$CF$2:$CF$3000)/SUMPRODUCT((Respuestas!$U$2:$U$3000<>"")*(Respuestas!$X$2:$X$3000<>"")*(Respuestas!$AI$2:$AI$3000<>1)*(Respuestas!$AV$2:$AV$3000<>"Sí")*(Respuestas!$AW$2:$AW$3000<>"No")*(((Respuestas!$B$2:$B$3000=$B$4)+($B$4=""))>0)*(Respuestas!$D$2:$D$3000="control")*(Respuestas!$CF$2:$CF$3000<>"")),"")
A13: F20 | B13: Fácil | C13: No | D13: 0 | E13: 0 | F13: 1 | G13: 0 | H13: 0 | I13: 1 | J13: 7 | K13: =SUMPRODUCT((Respuestas!$U$2:$U$3000<>"")*(Respuestas!$X$2:$X$3000<>"")*(Respuestas!$AI$2:$AI$3000<>1)*(Respuestas!$AV$2:$AV$3000<>"Sí")*(Respuestas!$AW$2:$AW$3000<>"No")*(((Respuestas!$B$2:$B$3000=$B$4)+($B$4=""))>0)*(Respuestas!$CJ$2:$CJ$3000<>"")) | L13: =IFERROR(SUMPRODUCT((Respuestas!$U$2:$U$3000<>"")*(Respuestas!$X$2:$X$3000<>"")*(Respuestas!$AI$2:$AI$3000<>1)*(Respuestas!$AV$2:$AV$3000<>"Sí")*(Respuestas!$AW$2:$AW$3000<>"No")*(((Respuestas!$B$2:$B$3000=$B$4)+($B$4=""))>0)*(Respuestas!$CJ$2:$CJ$3000<>""),Respuestas!$CJ$2:$CJ$3000)/K13,"") | M13: =IFERROR(SUMPRODUCT((Respuestas!$U$2:$U$3000<>"")*(Respuestas!$X$2:$X$3000<>"")*(Respuestas!$AI$2:$AI$3000<>1)*(Respuestas!$AV$2:$AV$3000<>"Sí")*(Respuestas!$AW$2:$AW$3000<>"No")*(((Respuestas!$B$2:$B$3000=$B$4)+($B$4=""))>0)*(Respuestas!$D$2:$D$3000="incentivo")*(Respuestas!$CJ$2:$CJ$3000<>""),Respuestas!$CJ$2:$CJ$3000)/SUMPRODUCT((Respuestas!$U$2:$U$3000<>"")*(Respuestas!$X$2:$X$3000<>"")*(Respuestas!$AI$2:$AI$3000<>1)*(Respuestas!$AV$2:$AV$3000<>"Sí")*(Respuestas!$AW$2:$AW$3000<>"No")*(((Respuestas!$B$2:$B$3000=$B$4)+($B$4=""))>0)*(Respuestas!$D$2:$D$3000="incentivo")*(Respuestas!$CJ$2:$CJ$3000<>"")),"") | N13: =IFERROR(SUMPRODUCT((Respuestas!$U$2:$U$3000<>"")*(Respuestas!$X$2:$X$3000<>"")*(Respuestas!$AI$2:$AI$3000<>1)*(Respuestas!$AV$2:$AV$3000<>"Sí")*(Respuestas!$AW$2:$AW$3000<>"No")*(((Respuestas!$B$2:$B$3000=$B$4)+($B$4=""))>0)*(Respuestas!$D$2:$D$3000="control")*(Respuestas!$CJ$2:$CJ$3000<>""),Respuestas!$CJ$2:$CJ$3000)/SUMPRODUCT((Respuestas!$U$2:$U$3000<>"")*(Respuestas!$X$2:$X$3000<>"")*(Respuestas!$AI$2:$AI$3000<>1)*(Respuestas!$AV$2:$AV$3000<>"Sí")*(Respuestas!$AW$2:$AW$3000<>"No")*(((Respuestas!$B$2:$B$3000=$B$4)+($B$4=""))>0)*(Respuestas!$D$2:$D$3000="control")*(Respuestas!$CJ$2:$CJ$3000<>"")),"")
A14: D11 | B14: Difícil | C14: Sí | D14: 1 | E14: 1 | F14: 1 | G14: 0 | H14: 0 | I14: 3 | J14: 2 | K14: =SUMPRODUCT((Respuestas!$U$2:$U$3000<>"")*(Respuestas!$X$2:$X$3000<>"")*(Respuestas!$AI$2:$AI$3000<>1)*(Respuestas!$AV$2:$AV$3000<>"Sí")*(Respuestas!$AW$2:$AW$3000<>"No")*(((Respuestas!$B$2:$B$3000=$B$4)+($B$4=""))>0)*(Respuestas!$CN$2:$CN$3000<>"")) | L14: =IFERROR(SUMPRODUCT((Respuestas!$U$2:$U$3000<>"")*(Respuestas!$X$2:$X$3000<>"")*(Respuestas!$AI$2:$AI$3000<>1)*(Respuestas!$AV$2:$AV$3000<>"Sí")*(Respuestas!$AW$2:$AW$3000<>"No")*(((Respuestas!$B$2:$B$3000=$B$4)+($B$4=""))>0)*(Respuestas!$CN$2:$CN$3000<>""),Respuestas!$CN$2:$CN$3000)/K14,"") | M14: =IFERROR(SUMPRODUCT((Respuestas!$U$2:$U$3000<>"")*(Respuestas!$X$2:$X$3000<>"")*(Respuestas!$AI$2:$AI$3000<>1)*(Respuestas!$AV$2:$AV$3000<>"Sí")*(Respuestas!$AW$2:$AW$3000<>"No")*(((Respuestas!$B$2:$B$3000=$B$4)+($B$4=""))>0)*(Respuestas!$D$2:$D$3000="incentivo")*(Respuestas!$CN$2:$CN$3000<>""),Respuestas!$CN$2:$CN$3000)/SUMPRODUCT((Respuestas!$U$2:$U$3000<>"")*(Respuestas!$X$2:$X$3000<>"")*(Respuestas!$AI$2:$AI$3000<>1)*(Respuestas!$AV$2:$AV$3000<>"Sí")*(Respuestas!$AW$2:$AW$3000<>"No")*(((Respuestas!$B$2:$B$3000=$B$4)+($B$4=""))>0)*(Respuestas!$D$2:$D$3000="incentivo")*(Respuestas!$CN$2:$CN$3000<>"")),"") | N14: =IFERROR(SUMPRODUCT((Respuestas!$U$2:$U$3000<>"")*(Respuestas!$X$2:$X$3000<>"")*(Respuestas!$AI$2:$AI$3000<>1)*(Respuestas!$AV$2:$AV$3000<>"Sí")*(Respuestas!$AW$2:$AW$3000<>"No")*(((Respuestas!$B$2:$B$3000=$B$4)+($B$4=""))>0)*(Respuestas!$D$2:$D$3000="control")*(Respuestas!$CN$2:$CN$3000<>""),Respuestas!$CN$2:$CN$3000)/SUMPRODUCT((Respuestas!$U$2:$U$3000<>"")*(Respuestas!$X$2:$X$3000<>"")*(Respuestas!$AI$2:$AI$3000<>1)*(Respuestas!$AV$2:$AV$3000<>"Sí")*(Respuestas!$AW$2:$AW$3000<>"No")*(((Respuestas!$B$2:$B$3000=$B$4)+($B$4=""))>0)*(Respuestas!$D$2:$D$3000="control")*(Respuestas!$CN$2:$CN$3000<>"")),"")
A15: D12 | B15: Difícil | C15: Sí | D15: 1 | E15: 1 | F15: 1 | G15: 0 | H15: 0 | I15: 3 | J15: 6 | K15: =SUMPRODUCT((Respuestas!$U$2:$U$3000<>"")*(Respuestas!$X$2:$X$3000<>"")*(Respuestas!$AI$2:$AI$3000<>1)*(Respuestas!$AV$2:$AV$3000<>"Sí")*(Respuestas!$AW$2:$AW$3000<>"No")*(((Respuestas!$B$2:$B$3000=$B$4)+($B$4=""))>0)*(Respuestas!$CR$2:$CR$3000<>"")) | L15: =IFERROR(SUMPRODUCT((Respuestas!$U$2:$U$3000<>"")*(Respuestas!$X$2:$X$3000<>"")*(Respuestas!$AI$2:$AI$3000<>1)*(Respuestas!$AV$2:$AV$3000<>"Sí")*(Respuestas!$AW$2:$AW$3000<>"No")*(((Respuestas!$B$2:$B$3000=$B$4)+($B$4=""))>0)*(Respuestas!$CR$2:$CR$3000<>""),Respuestas!$CR$2:$CR$3000)/K15,"") | M15: =IFERROR(SUMPRODUCT((Respuestas!$U$2:$U$3000<>"")*(Respuestas!$X$2:$X$3000<>"")*(Respuestas!$AI$2:$AI$3000<>1)*(Respuestas!$AV$2:$AV$3000<>"Sí")*(Respuestas!$AW$2:$AW$3000<>"No")*(((Respuestas!$B$2:$B$3000=$B$4)+($B$4=""))>0)*(Respuestas!$D$2:$D$3000="incentivo")*(Respuestas!$CR$2:$CR$3000<>""),Respuestas!$CR$2:$CR$3000)/SUMPRODUCT((Respuestas!$U$2:$U$3000<>"")*(Respuestas!$X$2:$X$3000<>"")*(Respuestas!$AI$2:$AI$3000<>1)*(Respuestas!$AV$2:$AV$3000<>"Sí")*(Respuestas!$AW$2:$AW$3000<>"No")*(((Respuestas!$B$2:$B$3000=$B$4)+($B$4=""))>0)*(Respuestas!$D$2:$D$3000="incentivo")*(Respuestas!$CR$2:$CR$3000<>"")),"") | N15: =IFERROR(SUMPRODUCT((Respuestas!$U$2:$U$3000<>"")*(Respuestas!$X$2:$X$3000<>"")*(Respuestas!$AI$2:$AI$3000<>1)*(Respuestas!$AV$2:$AV$3000<>"Sí")*(Respuestas!$AW$2:$AW$3000<>"No")*(((Respuestas!$B$2:$B$3000=$B$4)+($B$4=""))>0)*(Respuestas!$D$2:$D$3000="control")*(Respuestas!$CR$2:$CR$3000<>""),Respuestas!$CR$2:$CR$3000)/SUMPRODUCT((Respuestas!$U$2:$U$3000<>"")*(Respuestas!$X$2:$X$3000<>"")*(Respuestas!$AI$2:$AI$3000<>1)*(Respuestas!$AV$2:$AV$3000<>"Sí")*(Respuestas!$AW$2:$AW$3000<>"No")*(((Respuestas!$B$2:$B$3000=$B$4)+($B$4=""))>0)*(Respuestas!$D$2:$D$3000="control")*(Respuestas!$CR$2:$CR$3000<>"")),"")
A16: D13 | B16: Difícil | C16: No | D16: 1 | E16: 1 | F16: 1 | G16: 0 | H16: 0 | I16: 3 | J16: 3 | K16: =SUMPRODUCT((Respuestas!$U$2:$U$3000<>"")*(Respuestas!$X$2:$X$3000<>"")*(Respuestas!$AI$2:$AI$3000<>1)*(Respuestas!$AV$2:$AV$3000<>"Sí")*(Respuestas!$AW$2:$AW$3000<>"No")*(((Respuestas!$B$2:$B$3000=$B$4)+($B$4=""))>0)*(Respuestas!$CV$2:$CV$3000<>"")) | L16: =IFERROR(SUMPRODUCT((Respuestas!$U$2:$U$3000<>"")*(Respuestas!$X$2:$X$3000<>"")*(Respuestas!$AI$2:$AI$3000<>1)*(Respuestas!$AV$2:$AV$3000<>"Sí")*(Respuestas!$AW$2:$AW$3000<>"No")*(((Respuestas!$B$2:$B$3000=$B$4)+($B$4=""))>0)*(Respuestas!$CV$2:$CV$3000<>""),Respuestas!$CV$2:$CV$3000)/K16,"") | M16: =IFERROR(SUMPRODUCT((Respuestas!$U$2:$U$3000<>"")*(Respuestas!$X$2:$X$3000<>"")*(Respuestas!$AI$2:$AI$3000<>1)*(Respuestas!$AV$2:$AV$3000<>"Sí")*(Respuestas!$AW$2:$AW$3000<>"No")*(((Respuestas!$B$2:$B$3000=$B$4)+($B$4=""))>0)*(Respuestas!$D$2:$D$3000="incentivo")*(Respuestas!$CV$2:$CV$3000<>""),Respuestas!$CV$2:$CV$3000)/SUMPRODUCT((Respuestas!$U$2:$U$3000<>"")*(Respuestas!$X$2:$X$3000<>"")*(Respuestas!$AI$2:$AI$3000<>1)*(Respuestas!$AV$2:$AV$3000<>"Sí")*(Respuestas!$AW$2:$AW$3000<>"No")*(((Respuestas!$B$2:$B$3000=$B$4)+($B$4=""))>0)*(Respuestas!$D$2:$D$3000="incentivo")*(Respuestas!$CV$2:$CV$3000<>"")),"") | N16: =IFERROR(SUMPRODUCT((Respuestas!$U$2:$U$3000<>"")*(Respuestas!$X$2:$X$3000<>"")*(Respuestas!$AI$2:$AI$3000<>1)*(Respuestas!$AV$2:$AV$3000<>"Sí")*(Respuestas!$AW$2:$AW$3000<>"No")*(((Respuestas!$B$2:$B$3000=$B$4)+($B$4=""))>0)*(Respuestas!$D$2:$D$3000="control")*(Respuestas!$CV$2:$CV$3000<>""),Respuestas!$CV$2:$CV$3000)/SUMPRODUCT((Respuestas!$U$2:$U$3000<>"")*(Respuestas!$X$2:$X$3000<>"")*(Respuestas!$AI$2:$AI$3000<>1)*(Respuestas!$AV$2:$AV$3000<>"Sí")*(Respuestas!$AW$2:$AW$3000<>"No")*(((Respuestas!$B$2:$B$3000=$B$4)+($B$4=""))>0)*(Respuestas!$D$2:$D$3000="control")*(Respuestas!$CV$2:$CV$3000<>"")),"")
A17: D14 | B17: Difícil | C17: Sí | D17: 1 | E17: 1 | F17: 0 | G17: 1 | H17: 0 | I17: 3 | J17: 3 | K17: =SUMPRODUCT((Respuestas!$U$2:$U$3000<>"")*(Respuestas!$X$2:$X$3000<>"")*(Respuestas!$AI$2:$AI$3000<>1)*(Respuestas!$AV$2:$AV$3000<>"Sí")*(Respuestas!$AW$2:$AW$3000<>"No")*(((Respuestas!$B$2:$B$3000=$B$4)+($B$4=""))>0)*(Respuestas!$CZ$2:$CZ$3000<>"")) | L17: =IFERROR(SUMPRODUCT((Respuestas!$U$2:$U$3000<>"")*(Respuestas!$X$2:$X$3000<>"")*(Respuestas!$AI$2:$AI$3000<>1)*(Respuestas!$AV$2:$AV$3000<>"Sí")*(Respuestas!$AW$2:$AW$3000<>"No")*(((Respuestas!$B$2:$B$3000=$B$4)+($B$4=""))>0)*(Respuestas!$CZ$2:$CZ$3000<>""),Respuestas!$CZ$2:$CZ$3000)/K17,"") | M17: =IFERROR(SUMPRODUCT((Respuestas!$U$2:$U$3000<>"")*(Respuestas!$X$2:$X$3000<>"")*(Respuestas!$AI$2:$AI$3000<>1)*(Respuestas!$AV$2:$AV$3000<>"Sí")*(Respuestas!$AW$2:$AW$3000<>"No")*(((Respuestas!$B$2:$B$3000=$B$4)+($B$4=""))>0)*(Respuestas!$D$2:$D$3000="incentivo")*(Respuestas!$CZ$2:$CZ$3000<>""),Respuestas!$CZ$2:$CZ$3000)/SUMPRODUCT((Respuestas!$U$2:$U$3000<>"")*(Respuestas!$X$2:$X$3000<>"")*(Respuestas!$AI$2:$AI$3000<>1)*(Respuestas!$AV$2:$AV$3000<>"Sí")*(Respuestas!$AW$2:$AW$3000<>"No")*(((Respuestas!$B$2:$B$3000=$B$4)+($B$4=""))>0)*(Respuestas!$D$2:$D$3000="incentivo")*(Respuestas!$CZ$2:$CZ$3000<>"")),"") | N17: =IFERROR(SUMPRODUCT((Respuestas!$U$2:$U$3000<>"")*(Respuestas!$X$2:$X$3000<>"")*(Respuestas!$AI$2:$AI$3000<>1)*(Respuestas!$AV$2:$AV$3000<>"Sí")*(Respuestas!$AW$2:$AW$3000<>"No")*(((Respuestas!$B$2:$B$3000=$B$4)+($B$4=""))>0)*(Respuestas!$D$2:$D$3000="control")*(Respuestas!$CZ$2:$CZ$3000<>""),Respuestas!$CZ$2:$CZ$3000)/SUMPRODUCT((Respuestas!$U$2:$U$3000<>"")*(Respuestas!$X$2:$X$3000<>"")*(Respuestas!$AI$2:$AI$3000<>1)*(Respuestas!$AV$2:$AV$3000<>"Sí")*(Respuestas!$AW$2:$AW$3000<>"No")*(((Respuestas!$B$2:$B$3000=$B$4)+($B$4=""))>0)*(Respuestas!$D$2:$D$3000="control")*(Respuestas!$CZ$2:$CZ$3000<>"")),"")
A18: D15 | B18: Difícil | C18: Sí | D18: 1 | E18: 1 | F18: 0 | G18: 1 | H18: 0 | I18: 3 | J18: 4 | K18: =SUMPRODUCT((Respuestas!$U$2:$U$3000<>"")*(Respuestas!$X$2:$X$3000<>"")*(Respuestas!$AI$2:$AI$3000<>1)*(Respuestas!$AV$2:$AV$3000<>"Sí")*(Respuestas!$AW$2:$AW$3000<>"No")*(((Respuestas!$B$2:$B$3000=$B$4)+($B$4=""))>0)*(Respuestas!$DD$2:$DD$3000<>"")) | L18: =IFERROR(SUMPRODUCT((Respuestas!$U$2:$U$3000<>"")*(Respuestas!$X$2:$X$3000<>"")*(Respuestas!$AI$2:$AI$3000<>1)*(Respuestas!$AV$2:$AV$3000<>"Sí")*(Respuestas!$AW$2:$AW$3000<>"No")*(((Respuestas!$B$2:$B$3000=$B$4)+($B$4=""))>0)*(Respuestas!$DD$2:$DD$3000<>""),Respuestas!$DD$2:$DD$3000)/K18,"") | M18: =IFERROR(SUMPRODUCT((Respuestas!$U$2:$U$3000<>"")*(Respuestas!$X$2:$X$3000<>"")*(Respuestas!$AI$2:$AI$3000<>1)*(Respuestas!$AV$2:$AV$3000<>"Sí")*(Respuestas!$AW$2:$AW$3000<>"No")*(((Respuestas!$B$2:$B$3000=$B$4)+($B$4=""))>0)*(Respuestas!$D$2:$D$3000="incentivo")*(Respuestas!$DD$2:$DD$3000<>""),Respuestas!$DD$2:$DD$3000)/SUMPRODUCT((Respuestas!$U$2:$U$3000<>"")*(Respuestas!$X$2:$X$3000<>"")*(Respuestas!$AI$2:$AI$3000<>1)*(Respuestas!$AV$2:$AV$3000<>"Sí")*(Respuestas!$AW$2:$AW$3000<>"No")*(((Respuestas!$B$2:$B$3000=$B$4)+($B$4=""))>0)*(Respuestas!$D$2:$D$3000="incentivo")*(Respuestas!$DD$2:$DD$3000<>"")),"") | N18: =IFERROR(SUMPRODUCT((Respuestas!$U$2:$U$3000<>"")*(Respuestas!$X$2:$X$3000<>"")*(Respuestas!$AI$2:$AI$3000<>1)*(Respuestas!$AV$2:$AV$3000<>"Sí")*(Respuestas!$AW$2:$AW$3000<>"No")*(((Respuestas!$B$2:$B$3000=$B$4)+($B$4=""))>0)*(Respuestas!$D$2:$D$3000="control")*(Respuestas!$DD$2:$DD$3000<>""),Respuestas!$DD$2:$DD$3000)/SUMPRODUCT((Respuestas!$U$2:$U$3000<>"")*(Respuestas!$X$2:$X$3000<>"")*(Respuestas!$AI$2:$AI$3000<>1)*(Respuestas!$AV$2:$AV$3000<>"Sí")*(Respuestas!$AW$2:$AW$3000<>"No")*(((Respuestas!$B$2:$B$3000=$B$4)+($B$4=""))>0)*(Respuestas!$D$2:$D$3000="control")*(Respuestas!$DD$2:$DD$3000<>"")),"")
A19: D16 | B19: Difícil | C19: Sí | D19: 1 | E19: 1 | F19: 0 | G19: 1 | H19: 0 | I19: 3 | J19: 3 | K19: =SUMPRODUCT((Respuestas!$U$2:$U$3000<>"")*(Respuestas!$X$2:$X$3000<>"")*(Respuestas!$AI$2:$AI$3000<>1)*(Respuestas!$AV$2:$AV$3000<>"Sí")*(Respuestas!$AW$2:$AW$3000<>"No")*(((Respuestas!$B$2:$B$3000=$B$4)+($B$4=""))>0)*(Respuestas!$DH$2:$DH$3000<>"")) | L19: =IFERROR(SUMPRODUCT((Respuestas!$U$2:$U$3000<>"")*(Respuestas!$X$2:$X$3000<>"")*(Respuestas!$AI$2:$AI$3000<>1)*(Respuestas!$AV$2:$AV$3000<>"Sí")*(Respuestas!$AW$2:$AW$3000<>"No")*(((Respuestas!$B$2:$B$3000=$B$4)+($B$4=""))>0)*(Respuestas!$DH$2:$DH$3000<>""),Respuestas!$DH$2:$DH$3000)/K19,"") | M19: =IFERROR(SUMPRODUCT((Respuestas!$U$2:$U$3000<>"")*(Respuestas!$X$2:$X$3000<>"")*(Respuestas!$AI$2:$AI$3000<>1)*(Respuestas!$AV$2:$AV$3000<>"Sí")*(Respuestas!$AW$2:$AW$3000<>"No")*(((Respuestas!$B$2:$B$3000=$B$4)+($B$4=""))>0)*(Respuestas!$D$2:$D$3000="incentivo")*(Respuestas!$DH$2:$DH$3000<>""),Respuestas!$DH$2:$DH$3000)/SUMPRODUCT((Respuestas!$U$2:$U$3000<>"")*(Respuestas!$X$2:$X$3000<>"")*(Respuestas!$AI$2:$AI$3000<>1)*(Respuestas!$AV$2:$AV$3000<>"Sí")*(Respuestas!$AW$2:$AW$3000<>"No")*(((Respuestas!$B$2:$B$3000=$B$4)+($B$4=""))>0)*(Respuestas!$D$2:$D$3000="incentivo")*(Respuestas!$DH$2:$DH$3000<>"")),"") | N19: =IFERROR(SUMPRODUCT((Respuestas!$U$2:$U$3000<>"")*(Respuestas!$X$2:$X$3000<>"")*(Respuestas!$AI$2:$AI$3000<>1)*(Respuestas!$AV$2:$AV$3000<>"Sí")*(Respuestas!$AW$2:$AW$3000<>"No")*(((Respuestas!$B$2:$B$3000=$B$4)+($B$4=""))>0)*(Respuestas!$D$2:$D$3000="control")*(Respuestas!$DH$2:$DH$3000<>""),Respuestas!$DH$2:$DH$3000)/SUMPRODUCT((Respuestas!$U$2:$U$3000<>"")*(Respuestas!$X$2:$X$3000<>"")*(Respuestas!$AI$2:$AI$3000<>1)*(Respuestas!$AV$2:$AV$3000<>"Sí")*(Respuestas!$AW$2:$AW$3000<>"No")*(((Respuestas!$B$2:$B$3000=$B$4)+($B$4=""))>0)*(Respuestas!$D$2:$D$3000="control")*(Respuestas!$DH$2:$DH$3000<>"")),"")
A20: D17 | B20: Difícil | C20: No | D20: 1 | E20: 1 | F20: 0 | G20: 1 | H20: 0 | I20: 3 | J20: 7 | K20: =SUMPRODUCT((Respuestas!$U$2:$U$3000<>"")*(Respuestas!$X$2:$X$3000<>"")*(Respuestas!$AI$2:$AI$3000<>1)*(Respuestas!$AV$2:$AV$3000<>"Sí")*(Respuestas!$AW$2:$AW$3000<>"No")*(((Respuestas!$B$2:$B$3000=$B$4)+($B$4=""))>0)*(Respuestas!$DL$2:$DL$3000<>"")) | L20: =IFERROR(SUMPRODUCT((Respuestas!$U$2:$U$3000<>"")*(Respuestas!$X$2:$X$3000<>"")*(Respuestas!$AI$2:$AI$3000<>1)*(Respuestas!$AV$2:$AV$3000<>"Sí")*(Respuestas!$AW$2:$AW$3000<>"No")*(((Respuestas!$B$2:$B$3000=$B$4)+($B$4=""))>0)*(Respuestas!$DL$2:$DL$3000<>""),Respuestas!$DL$2:$DL$3000)/K20,"") | M20: =IFERROR(SUMPRODUCT((Respuestas!$U$2:$U$3000<>"")*(Respuestas!$X$2:$X$3000<>"")*(Respuestas!$AI$2:$AI$3000<>1)*(Respuestas!$AV$2:$AV$3000<>"Sí")*(Respuestas!$AW$2:$AW$3000<>"No")*(((Respuestas!$B$2:$B$3000=$B$4)+($B$4=""))>0)*(Respuestas!$D$2:$D$3000="incentivo")*(Respuestas!$DL$2:$DL$3000<>""),Respuestas!$DL$2:$DL$3000)/SUMPRODUCT((Respuestas!$U$2:$U$3000<>"")*(Respuestas!$X$2:$X$3000<>"")*(Respuestas!$AI$2:$AI$3000<>1)*(Respuestas!$AV$2:$AV$3000<>"Sí")*(Respuestas!$AW$2:$AW$3000<>"No")*(((Respuestas!$B$2:$B$3000=$B$4)+($B$4=""))>0)*(Respuestas!$D$2:$D$3000="incentivo")*(Respuestas!$DL$2:$DL$3000<>"")),"") | N20: =IFERROR(SUMPRODUCT((Respuestas!$U$2:$U$3000<>"")*(Respuestas!$X$2:$X$3000<>"")*(Respuestas!$AI$2:$AI$3000<>1)*(Respuestas!$AV$2:$AV$3000<>"Sí")*(Respuestas!$AW$2:$AW$3000<>"No")*(((Respuestas!$B$2:$B$3000=$B$4)+($B$4=""))>0)*(Respuestas!$D$2:$D$3000="control")*(Respuestas!$DL$2:$DL$3000<>""),Respuestas!$DL$2:$DL$3000)/SUMPRODUCT((Respuestas!$U$2:$U$3000<>"")*(Respuestas!$X$2:$X$3000<>"")*(Respuestas!$AI$2:$AI$3000<>1)*(Respuestas!$AV$2:$AV$3000<>"Sí")*(Respuestas!$AW$2:$AW$3000<>"No")*(((Respuestas!$B$2:$B$3000=$B$4)+($B$4=""))>0)*(Respuestas!$D$2:$D$3000="control")*(Respuestas!$DL$2:$DL$3000<>"")),"")
A21: D18 | B21: Difícil | C21: No | D21: 1 | E21: 1 | F21: 0 | G21: 1 | H21: 0 | I21: 3 | J21: 1 | K21: =SUMPRODUCT((Respuestas!$U$2:$U$3000<>"")*(Respuestas!$X$2:$X$3000<>"")*(Respuestas!$AI$2:$AI$3000<>1)*(Respuestas!$AV$2:$AV$3000<>"Sí")*(Respuestas!$AW$2:$AW$3000<>"No")*(((Respuestas!$B$2:$B$3000=$B$4)+($B$4=""))>0)*(Respuestas!$DP$2:$DP$3000<>"")) | L21: =IFERROR(SUMPRODUCT((Respuestas!$U$2:$U$3000<>"")*(Respuestas!$X$2:$X$3000<>"")*(Respuestas!$AI$2:$AI$3000<>1)*(Respuestas!$AV$2:$AV$3000<>"Sí")*(Respuestas!$AW$2:$AW$3000<>"No")*(((Respuestas!$B$2:$B$3000=$B$4)+($B$4=""))>0)*(Respuestas!$DP$2:$DP$3000<>""),Respuestas!$DP$2:$DP$3000)/K21,"") | M21: =IFERROR(SUMPRODUCT((Respuestas!$U$2:$U$3000<>"")*(Respuestas!$X$2:$X$3000<>"")*(Respuestas!$AI$2:$AI$3000<>1)*(Respuestas!$AV$2:$AV$3000<>"Sí")*(Respuestas!$AW$2:$AW$3000<>"No")*(((Respuestas!$B$2:$B$3000=$B$4)+($B$4=""))>0)*(Respuestas!$D$2:$D$3000="incentivo")*(Respuestas!$DP$2:$DP$3000<>""),Respuestas!$DP$2:$DP$3000)/SUMPRODUCT((Respuestas!$U$2:$U$3000<>"")*(Respuestas!$X$2:$X$3000<>"")*(Respuestas!$AI$2:$AI$3000<>1)*(Respuestas!$AV$2:$AV$3000<>"Sí")*(Respuestas!$AW$2:$AW$3000<>"No")*(((Respuestas!$B$2:$B$3000=$B$4)+($B$4=""))>0)*(Respuestas!$D$2:$D$3000="incentivo")*(Respuestas!$DP$2:$DP$3000<>"")),"") | N21: =IFERROR(SUMPRODUCT((Respuestas!$U$2:$U$3000<>"")*(Respuestas!$X$2:$X$3000<>"")*(Respuestas!$AI$2:$AI$3000<>1)*(Respuestas!$AV$2:$AV$3000<>"Sí")*(Respuestas!$AW$2:$AW$3000<>"No")*(((Respuestas!$B$2:$B$3000=$B$4)+($B$4=""))>0)*(Respuestas!$D$2:$D$3000="control")*(Respuestas!$DP$2:$DP$3000<>""),Respuestas!$DP$2:$DP$3000)/SUMPRODUCT((Respuestas!$U$2:$U$3000<>"")*(Respuestas!$X$2:$X$3000<>"")*(Respuestas!$AI$2:$AI$3000<>1)*(Respuestas!$AV$2:$AV$3000<>"Sí")*(Respuestas!$AW$2:$AW$3000<>"No")*(((Respuestas!$B$2:$B$3000=$B$4)+($B$4=""))>0)*(Respuestas!$D$2:$D$3000="control")*(Respuestas!$DP$2:$DP$3000<>"")),"")
A22: D19 | B22: Difícil | C22: Sí | D22: 1 | E22: 1 | F22: 1 | G22: 0 | H22: 0 | I22: 3 | J22: 5 | K22: =SUMPRODUCT((Respuestas!$U$2:$U$3000<>"")*(Respuestas!$X$2:$X$3000<>"")*(Respuestas!$AI$2:$AI$3000<>1)*(Respuestas!$AV$2:$AV$3000<>"Sí")*(Respuestas!$AW$2:$AW$3000<>"No")*(((Respuestas!$B$2:$B$3000=$B$4)+($B$4=""))>0)*(Respuestas!$DT$2:$DT$3000<>"")) | L22: =IFERROR(SUMPRODUCT((Respuestas!$U$2:$U$3000<>"")*(Respuestas!$X$2:$X$3000<>"")*(Respuestas!$AI$2:$AI$3000<>1)*(Respuestas!$AV$2:$AV$3000<>"Sí")*(Respuestas!$AW$2:$AW$3000<>"No")*(((Respuestas!$B$2:$B$3000=$B$4)+($B$4=""))>0)*(Respuestas!$DT$2:$DT$3000<>""),Respuestas!$DT$2:$DT$3000)/K22,"") | M22: =IFERROR(SUMPRODUCT((Respuestas!$U$2:$U$3000<>"")*(Respuestas!$X$2:$X$3000<>"")*(Respuestas!$AI$2:$AI$3000<>1)*(Respuestas!$AV$2:$AV$3000<>"Sí")*(Respuestas!$AW$2:$AW$3000<>"No")*(((Respuestas!$B$2:$B$3000=$B$4)+($B$4=""))>0)*(Respuestas!$D$2:$D$3000="incentivo")*(Respuestas!$DT$2:$DT$3000<>""),Respuestas!$DT$2:$DT$3000)/SUMPRODUCT((Respuestas!$U$2:$U$3000<>"")*(Respuestas!$X$2:$X$3000<>"")*(Respuestas!$AI$2:$AI$3000<>1)*(Respuestas!$AV$2:$AV$3000<>"Sí")*(Respuestas!$AW$2:$AW$3000<>"No")*(((Respuestas!$B$2:$B$3000=$B$4)+($B$4=""))>0)*(Respuestas!$D$2:$D$3000="incentivo")*(Respuestas!$DT$2:$DT$3000<>"")),"") | N22: =IFERROR(SUMPRODUCT((Respuestas!$U$2:$U$3000<>"")*(Respuestas!$X$2:$X$3000<>"")*(Respuestas!$AI$2:$AI$3000<>1)*(Respuestas!$AV$2:$AV$3000<>"Sí")*(Respuestas!$AW$2:$AW$3000<>"No")*(((Respuestas!$B$2:$B$3000=$B$4)+($B$4=""))>0)*(Respuestas!$D$2:$D$3000="control")*(Respuestas!$DT$2:$DT$3000<>""),Respuestas!$DT$2:$DT$3000)/SUMPRODUCT((Respuestas!$U$2:$U$3000<>"")*(Respuestas!$X$2:$X$3000<>"")*(Respuestas!$AI$2:$AI$3000<>1)*(Respuestas!$AV$2:$AV$3000<>"Sí")*(Respuestas!$AW$2:$AW$3000<>"No")*(((Respuestas!$B$2:$B$3000=$B$4)+($B$4=""))>0)*(Respuestas!$D$2:$D$3000="control")*(Respuestas!$DT$2:$DT$3000<>"")),"")
A23: D20 | B23: Difícil | C23: No | D23: 1 | E23: 1 | F23: 1 | G23: 0 | H23: 0 | I23: 3 | J23: 4 | K23: =SUMPRODUCT((Respuestas!$U$2:$U$3000<>"")*(Respuestas!$X$2:$X$3000<>"")*(Respuestas!$AI$2:$AI$3000<>1)*(Respuestas!$AV$2:$AV$3000<>"Sí")*(Respuestas!$AW$2:$AW$3000<>"No")*(((Respuestas!$B$2:$B$3000=$B$4)+($B$4=""))>0)*(Respuestas!$DX$2:$DX$3000<>"")) | L23: =IFERROR(SUMPRODUCT((Respuestas!$U$2:$U$3000<>"")*(Respuestas!$X$2:$X$3000<>"")*(Respuestas!$AI$2:$AI$3000<>1)*(Respuestas!$AV$2:$AV$3000<>"Sí")*(Respuestas!$AW$2:$AW$3000<>"No")*(((Respuestas!$B$2:$B$3000=$B$4)+($B$4=""))>0)*(Respuestas!$DX$2:$DX$3000<>""),Respuestas!$DX$2:$DX$3000)/K23,"") | M23: =IFERROR(SUMPRODUCT((Respuestas!$U$2:$U$3000<>"")*(Respuestas!$X$2:$X$3000<>"")*(Respuestas!$AI$2:$AI$3000<>1)*(Respuestas!$AV$2:$AV$3000<>"Sí")*(Respuestas!$AW$2:$AW$3000<>"No")*(((Respuestas!$B$2:$B$3000=$B$4)+($B$4=""))>0)*(Respuestas!$D$2:$D$3000="incentivo")*(Respuestas!$DX$2:$DX$3000<>""),Respuestas!$DX$2:$DX$3000)/SUMPRODUCT((Respuestas!$U$2:$U$3000<>"")*(Respuestas!$X$2:$X$3000<>"")*(Respuestas!$AI$2:$AI$3000<>1)*(Respuestas!$AV$2:$AV$3000<>"Sí")*(Respuestas!$AW$2:$AW$3000<>"No")*(((Respuestas!$B$2:$B$3000=$B$4)+($B$4=""))>0)*(Respuestas!$D$2:$D$3000="incentivo")*(Respuestas!$DX$2:$DX$3000<>"")),"") | N23: =IFERROR(SUMPRODUCT((Respuestas!$U$2:$U$3000<>"")*(Respuestas!$X$2:$X$3000<>"")*(Respuestas!$AI$2:$AI$3000<>1)*(Respuestas!$AV$2:$AV$3000<>"Sí")*(Respuestas!$AW$2:$AW$3000<>"No")*(((Respuestas!$B$2:$B$3000=$B$4)+($B$4=""))>0)*(Respuestas!$D$2:$D$3000="control")*(Respuestas!$DX$2:$DX$3000<>""),Respuestas!$DX$2:$DX$3000)/SUMPRODUCT((Respuestas!$U$2:$U$3000<>"")*(Respuestas!$X$2:$X$3000<>"")*(Respuestas!$AI$2:$AI$3000<>1)*(Respuestas!$AV$2:$AV$3000<>"Sí")*(Respuestas!$AW$2:$AW$3000<>"No")*(((Respuestas!$B$2:$B$3000=$B$4)+($B$4=""))>0)*(Respuestas!$D$2:$D$3000="control")*(Respuestas!$DX$2:$DX$3000<>"")),"")
A25: Matriz Q: 1 = el ítem usa esa regla. Fáciles: 1 regla. Difíciles: rotación de la figura principal + sustracción de líneas + una tercera regla. Ítems generados con IMak (Blum y Holling, 2018).

Sheet Leeme
A1: Cómo funciona esta hoja
A2: • «Respuestas»: una fila por participación. La escribe el Apps Script de la web; no edites ni reordenes las columnas.
A3: • «Asignaciones»: registro de la aleatorización (bloques permutados de 4 por cohorte). Sirve para auditar que nadie elige su condición.
A4: • «Resumen»: descriptivos, ANOVA mixto 2 × 2 y comprobación de la manipulación, en vivo. Escribe una cohorte en B4 para filtrar.
A5: • «Items»: matriz Q (reglas de cada ítem) y proporción de aciertos de cada ítem.
A7: Concurrencia: si dos personas envían a la vez, el script usa LockService y escribe una fila detrás de otra; además ignora filas con un id repetido.
A8: Tiempos: <ítem>_tr = milisegundos desde que aparecen las opciones hasta la respuesta; <ítem>_resp: 1-8 = opción, 9 = ninguna, 10 = no sé, 0 = tiempo agotado.
A9: Sospechoso = 1 si: muchas respuestas < 2,5 s, mediana muy baja, misma opción repetida, duración muy corta o salidas de la pestaña (motivo en motivo_sospecha).
A10: Privacidad: no se recogen nombres ni correos. Los códigos de premio (CAFE-xxxx) solo sirven para canjear el café.
